gender,age,url
female,20,https://www.eatforhealth.gov.au/node/1813927/done?sid=812350&token=57cde3dc19d19f3e4b59f8cf88757c13
female,30,https://www.eatforhealth.gov.au/node/1813927/done?sid=806757&token=05ce5572f5618ac641c9f2395b28c59f
female,40,https://www.eatforhealth.gov.au/node/1813927/done?sid=812348&token=d7ffdbcb16b1842d51e15ebd4b13a84a
female,50,https://www.eatforhealth.gov.au/node/1813927/done?sid=812352&token=867f6030d908ce258c7c0fc4b1554607
female,60,https://www.eatforhealth.gov.au/node/1813927/done?sid=812353&token=abd65b3c13d259dae420c66977d2d357
female,70,https://www.eatforhealth.gov.au/node/1813927/done?sid=812355&token=92f06fcbbd1fb98fd7df54c207630d30
male,20,https://www.eatforhealth.gov.au/node/1813927/done?sid=812357&token=79271fda1e4081a7e2e91b013a5350f7
male,30,https://www.eatforhealth.gov.au/node/1813927/done?sid=812358&token=75596593b35a755b32fb25c3c472d383
male,40,https://www.eatforhealth.gov.au/node/1813927/done?sid=812359&token=515c655d486ea880a005a94d5e8302ac
male,50,https://www.eatforhealth.gov.au/node/1813927/done?sid=812360&token=2b711c45e17d9d4e879b8bbc9642f323
male,60,https://www.eatforhealth.gov.au/node/1813927/done?sid=812361&token=f0d5669a4b08f51efa5511cce88d63ba
male,70,https://www.eatforhealth.gov.au/node/1813927/done?sid=812362&token=056bc1e029333a754c371b3070ddfd31